date_sold,description,price_sold
2025-09-02,Hauck Disney Minnie Pink Lightweight Pushchair Buggy Pram Stroller,10.78
2025-09-01,iCandy Peach 7  In Cookie Bundle Pushchair Stroller Buggy Carrycot,515.66
2025-09-01,Excel Elise Special Needs Pushchair/Buggy/Stroller in excellent condition,182.68
2025-08-30,twin double stroller buggy pushchair,156.68
2025-08-30,Graco Buggy Stroller Pushchair Pram From Birth Unisex All Terrain Front Rear,38.12
2025-08-29,Mamas & Papas Buggy Stroller Pushchair And Pram From Birth Unisex All Terrain,40.2
2025-08-29,Joie Aire Twin Pink/Blue Pushchair Double Seat Stroller/buggy/pram Inc Raincover,68.28
2025-08-29,Pushchair Stroller Buggy Pram Car Seat Belt Cover Shoulder Cushion/Pad-Grey&Pink,2.49
2025-08-29,Pet Stroller Dog Cat Puppy Pram Pushchair Travel Cart Jogging Buggy Carrier,31.88
2025-08-28,Diono Traverze Compact Adjustable Travel Baby Pushchair Stroller Car Pram Buggy,26.68
2025-08-28,XL Pram Gate Check Bag Stroller Pushchair Double Buggy Travel Waterproof Cover,12.5
2025-08-28,Baby Buggy Rain Cover Universal Raincover For Pushchair Stroller Pram waterproof,4.36
2025-08-28,iCandy Strawberry 2 Stroller Buggy Pushchair 2-in-1 Karki  Green,52.68
2025-08-27,Cosatto Supa 3 Paloma Faith Hear Us Roar Pushchair Buggy Stroller Pram Bundle,104.68
2025-08-26,Mamas and Papas Unisex Buggy Pushchair Stroller with Rain Cover And Carry cot,52.68
2025-08-25,Travel Storage Carry Bag For Umbrella Folding Stroller Buggy Pushchair Holidays,10.77
2025-08-25,Pet Travel Stroller Dog Cat Pushchair Pram Jogger Buggy With 4,36.25
2025-08-25,"Hauck Disney Mickey Mouse Stroller Pushchair – Lightweight Umbrella Buggy, Blue",26.68
2025-08-24,Pet Jogging Pushchair / Dog Stroller – 3-Wheel Running Buggy,78.68
2025-08-22,Hauck Winnie The Pooh Buggy Stroller Pushchair Folding From Birth Unisex,22.52
2025-08-21,Mamas & Papas Buggy Pushchair Stroller Folding From Birth Unisex And All Terrain,40.2
2025-08-20,MACLAREN MAJOR ELITE PUSHCHAIR/BUGGY/STROLLER IN RED/GREY,286.68
2025-08-20,MacLaren Major Elite Pushchair/Buggy/Stroller with foot plate and sun visor,146.28
2025-08-20,Oyster Buggy Stroller Pushchair Folding From Birth Unisex All Terrain,41.76
2025-08-19,Joie Nitro S1036 Stroller Pushchair Buggy Rain Cover,10.77
2025-08-19,Joie Aire Twin Pink/Blue Pushchair Double Seat Stroller/buggy/pram Inc Raincover,78.68
2025-08-19,Maclaren 2 Wheeled Buggy Stroller Pram Pushchair Storage Travel Carry Bag,16.13
2025-08-18,Mountain Buggy Duet Double Twin Tandem Duo Stroller Pushchair From Birth Unisex,75.56
2025-08-17,Maclaren Major Elite Disability Pushchair/Buggy/Stroller Special Needs,125.48
2025-08-16,Mountain Buggy Duet Front Bar Bumper For Double Pushchair 3 Wheel Stroller,10.78
2025-08-16,Black Cybex Balios S Pushchair Pram Buggy Stroller With Rain Cover And Sun Shade,104.68
2025-08-16,Stunning Mountain Buggy swift v3 all terrain running jogging pushchair stroller,363.67
2025-08-16,New Pet Pram Pushchair Stroller Buggy Travel Aide. Cart.,42.28
2025-08-16,"CIGGI  Baby Stroller, Pram & Pushchair, Foldable Lightweight Travel Buggy",10.78
2025-02-16,Babyzen YoYo yo yo  Pushchair Buggy Stroller  Rain Cover Shield,10.78
2025-08-16,Silver Cross Clic travel compact stroller  pram buggy pushchair,89.08
2025-08-16,Cindico Dolls Double Pram Pushchair Buggy Vintage Retro Toys 70’s  Stroller Kids,35.0
2025-08-15,Silver Cross Dolls Ranger Pram Stroller Pushchair Buggy for Kids - Girls Fun Pla,22.33
2025-08-14,Lightweight Stroller Graco Myavo Folding Pushchair BLUE/BLACK Travel Baby Buggy,39.16
2025-08-14,Chicco Liteway Buggy Pushchair Stroller + Hood & Raincover Umbrella Type Folding,26.68
2025-08-14,Pet Travel Stroller Dog Cat Pushchair Pram Jogger Buggy With 4,36.25
2025-08-14,Graco Buggy Stroller Pushchair Folding From Birth Unisex Front Rear Facing,37.08
2025-08-13,Graco Stadium Duo Tandem Twin Seat Buggy Stroller Pushchair - Black / Grey,63.08
2025-08-12,"Baby Sheepskin Footmuff for Pushchair Stroller Buggy 6-36 months, VGC",48.51
2025-08-11,Ergo Baby Metro Pushchair/Stroller/Buggy Black,63.08
2025-08-11,PawHut  3 Wheel Folding Pet Dog Cat Stroller Pushchair Buggy Jogger  VGC,104.68
2025-08-09,Summer Infant Rayshade Sun Shade Cover For Stroller Buggy Pushchair Pram - Black,5.42
2025-08-09,McLaren Techno XT Black Stroller Travel Buggy Baby Children Pram Pushchair,19.34
2025-08-07,Large Travel Bag For Pushchair Buggy Stroller,10.78
2025-08-07,Bumbleride Indie All Terrain Stroller Pushchair buggy,156.68
2025-08-06,Hauck Duet Double Twin Tandem Duo Stroller Buggy Pushchair Pram FromBirth Unisex,119.24
2025-08-06,McLaren Techno XT Black Stroller Travel Buggy Baby Children Pram Pushchair,37.08
2025-08-06,Double Pram Joie Stroller Baby Pushchair Buggy with Rain Cover,115.08
2025-08-06,"My Buggy Buddy Sun Shade Parasol, universal clip. Stroller, Buggy, Pushchair",9.7
2025-08-05,MACLAREN MAJOR ELITE PUSHCHAIR/BUGGY/STROLLER IN RED/GREY,245.07
2025-08-05,Buggy Stroller Step Board Stand Wheeled Pushchair Connector Toddler Kid Child,9.71
2025-08-05,R For Rabbit Buggy Stroller Pushchair Folding Foldable F.Birth Front Rear Unisex,34.48
2025-08-05,Black Cybex Balios S Pushchair Pram Buggy Stroller With Rain Cover And Sun Shade,156.68
2025-08-05,"Summer Ray SUN SHADE UV Protective to fits prams, pushchairs, Stroller, buggy",6.49
2025-08-05,JOIE NITRO RAINCOVER PUSHCHAIR STROLLER BUGGY COVER GENUINE,7.58
2025-08-04,Cybex Eezy S Twist +2 Pushchair Buggy Stroller Pram- Rain Cover- carry on bag,91.68
2025-08-04,2 Sylvanian Families Double Babies Pushchair Stroller Buggy with sun canopy,10.78
2025-08-04,Sylvanian Families Double Babies Pushchair Pram Stroller Buggy And Accessories,7.58
2025-08-04,Maclaren Double Twin Tandem Duo Buggy Stroller Pushchair From Birth Unisex,41.24
2025-08-04,Joolz Aer Buggy Pushchair Raincover Rain Cover Stroller Compact,26.68
2025-08-04,Ickle Bubba Buggy Pushchair Stroller Unisex From Birth Front Rear Facing,41.76
2025-08-03,Cybex Gazelle S Double Pushchair Pram Buggy Stroller Grey&Black  John Lewis,312.68
2025-08-03,MACLAREN MAJOR ELITE FOLDING BUGGY PUSHCHAIR/STROLLER - SPECIAL NEEDS,208.68
2025-08-02,Baby style Oyster 3 Pushchair Stroller Pram Buggy Brown Excellent Condition,130.68
2025-08-02,Sylvanian Families Double Babies Pushchair Pram Stroller Buggy Calico Critters,7.04
2025-08-02,OBaby Buggy Stroller Pushchair Folding Foldable From Birth Unisex,40.2
2025-08-02,Pet Stroller Dog Cat Puppy Pram Pushchair Travel Cart Jogging Buggy Carrier,47.48
2025-08-01,Joie Aire Twin Stroller Pushchair Pram Lightweight Double Buggy in Pink/Blue,42.28
2025-07-31,Cybex Platinum MIOS Rose Gold Black Stroller Buggy Pushchair with Bassinet,206.6
2025-07-31,Red Kite Buggy Stroller Pushchair Folding Foldable From 6month Unisex Rain Cover,24.6
2025-07-31,Mountain Buggy duet Cosmopolitan Stroller  Black double buggy/ double pushchair,187.88
2025-07-30,"Grey shoulder pads for harness Pushchair, buggy, stroller, car seat.",8.63
2025-07-30,Double Pram Joie Aire Twin Stroller Baby Pushchair Buggy Foldable w/ Rain Cover,83.88
2025-07-30,Pushchair Baby Stroller Buggy,16.13
2025-07-29,Silver Cross Buggy Stroller Pushchair WITH RAIN COVER and WINTER SLEEPING BAG,55.8
2025-07-29,Mountain Buggy Pushchair Stroller Footmuff Cosytoes Black,31.88
2025-07-29,Leclerc Influencer baby stroller pushchair black/brown holiday small buggy,145.24
2025-07-29,"Bugaboo Ant Pushchair, Grey stroller, Cabin Approved hand luggage buggy",208.68
2025-07-28,Buggy Pushchair Stroller Mamas & Papas Frankie,31.88
2025-07-28,"Baby Jogger City Mini Push Chair Pram, Buggy, Stroller",94.28
2025-07-28,Dog Stroller Medium Large Grey Pet Puppy Pram Pushchair Travel Buggy Carrier UK,37.35
2025-07-26,Cybex Eezy S Twist +2 Pushchair Buggy Stroller Pram with Rain Cover,135.88
2025-07-25,Vintage Retro Mothercare Pram Buggy Pushchair Stroller,35.0
2025-07-25,Universal Buggy Stand With Seat Stroller Pushchair Connect Load 25kg Board Used,16.13
2025-07-25,BABY BUGGY RAIN COVER Universal Raincover For Pushchair Stroller Pram Waterproof,3.29
2025-07-25,stroller pushchair buggy foldable. Includes Rain Cover. Very Good Condition,13.46
2025-07-24,Joie Baby Aire Twin/Double Stroller/Pushchair/Buggy,47.25
2025-07-24,Hauck Black Sport Lightweight Travel Pushchair Buggy Pram Stroller,19.34
2025-07-24,"Baby Jogger City Versa GT, Black. Buggy, stroller, pushchair + Glider board",68.28
2025-07-23,John Lewis Stroller/Buggy/Pushchair Raincover,3.29
2025-07-22,Tri-Fold Compact Lightweight Dark Baby Travel Stroller Buggy Pushchair One Hand,52.68
2025-07-22,Bugaboo Cameleon 3 Buggy Pram Pushchair Stroller Age 0-4 Years From Birth,31.88
2025-07-21,Joolz Footboard Stroller Buggy Compatible with Joolz Day Geo/day Prams Pushchair,26.67
2025-07-21,Baby Jogger City Mini Buggy Pushchair Stroller Folding Black,63.08
2025-07-20,Cybex eezy s twist +2 Pushchair Buggy Stroller Pram With Genuine Rain Cover,156.68
2025-07-19,Joie Pact ember Baby Infant Stroller Pushchair Buggy compact excellent condition,125.48
2025-07-19,Pet Hut Black Dog Stroller Pushchair Buggy,42.28
2025-07-19,"Baby Jogger City Sights Black Pushchair/Stroller. Footmuff, Raincover & Adaptors",156.68
2025-07-17,Babyzen Yoyo Stroller Pushchair Compact Black Lightweight pram buggy & parasol,125.48
2025-07-17,R For Rabbit Buggy Stroller Pushchair Folding Foldable F.Birth Front Rear Unisex,13.02
2025-07-16,Silver Cross Dolls Ranger Pram Stroller Pushchair Buggy Girls Kids Fun Play Toy,19.34
2025-07-16,Childrens Kids Doll Stroller Buggy Toy Dolls Pram Deluxe Pushchair,17.73
2025-07-15,Bumprider Buggy board-  Universal Stroller/Buggy/ Pushchair Ride-On Board,16.13
2025-07-14,"Red Kite Baby Push Me 2U Pram Pushchair Buggy Stroller, plum excellent condition",29.8
2025-07-14,Mountain Buggy Nano V3 Stroller Lightweight Cabin Pram Travel Pushchair Black,63.08
2025-07-13,Pet Dog Buggy Stroller Pushchair,21.48
2025-07-13,cybex melio carbon black pushchair stroller buggy,125.48
2025-07-13,Baby Pram Pushchair Buggy Stroller,21.48
2025-07-13,Joolz Geo Pram / Pushchair / Stroller + Buggy Board,47.48
2025-07-12,Red Kite Buggy Stroller Pushchair Folding Foldable From 6month Unisex Rain Cover,27.72
2025-07-12,Baby Jogger City Tour 2 Double Buggy Pushchair Lightweight Stroller Twin  EXTRAS,229.48
2025-07-12,Foldable Pet Stroller Dog Cat Pram Pushchair Travel Cart Jogging Buggy Carrier-,35.53
2025-07-12,Summer Holiday Rayshade Sun Shade Cover For Stroller Buggy Pushchair Pram-Black,6.49
2025-07-12,Burigotto Travel Holiday Flight Compact Buggy Stroller Pushchair Birth Unisex,68.28
2025-07-11,KinderKraft All-Terrain Pushchair 3 wheel Stroller Buggy Helsi Black,83.88
2025-07-11,Dreambaby Strollerbuddy Drink Holder stroller pushchair buggy cup holder,4.36
2025-07-10,dog buggy stroller pushchair Medium,26.68
2025-07-10,Mamas and Papas Buggy Pushchair Stroller,21.48
2025-07-09,MACLAREN MAJOR ELITE FOLDING BUGGY PUSHCHAIR/STROLLER - SPECIAL NEEDS,156.68
2025-07-08,Mountain Buggy Terrain Jogger Pushchair Running Stroller with Extras,198.28
2025-07-08,Cosatto Woosh XL Stroller Buggy Pushchair. Mister Fox.  Over £250 new.,104.68
2025-07-08,Phill and Ted Double Buggy Stroller Pushchair,94.06
2025-07-06,Babyzen YOYO+ Plus Stroller Pushchair Buggy Olive Colour GOOD Condition,152.52
2025-07-05,Baby Pram Pushchair Buggy Stroller,21.48
2025-07-05,Uppababy Cruz V2 Pushchair / Buggy Stroller with Carrycot + CozyGanoosh VGC,338.18
2025-07-05,Real Sheepskin fur pram stroller buggy pushchair crib liner ONE size,20.42
2025-07-04,Joie  stroller pushchair buggy,31.88
2025-07-04,Koo-di Pack It Sun And Sleep Stroller Cover Pushchair Buggy Sun Shade Grey,10.78
2025-07-04,Mothercare Stroller Holdall Travel Protection Storage Carry Bag Pushchair Buggy,12.86
2025-07-03,Double Pram Joie Aire Twin Stroller Baby Pushchair Buggy Foldable w/ Rain Cover,94.28
2025-07-03,Silver Cross Travel Holiday Flight Compact Buggy Stroller Pushchair Birth Unisex,42.07
2025-06-30,Chicco Simplicity Plus stroller pushchair buggy foldable (Excellent Condition),31.3
2025-06-30,"Pink Single Baby Doll Stroller, Buggy, Pushchair Folded Umbrella For Kids",8.64
2025-06-30,Maclaren Quest Stroller – Lightweight Folding Pushchair Black & Purple Buggy,31.88
2025-06-29,Travel Buggy For Toddlers Premium Quality Stroller Baby Pushchair Easy to Fold,104.68
2025-06-29,Everflo Buggy Stroller Pushchair Folding Foldable From Birth Unisex,17.2
2025-06-29,MACLAREN MAJOR ELITE PUSHCHAIR/BUGGY/STROLLER IN SOFT BLUE.,286.68
2025-06-29,MACLAREN MAJOR ELITE PUSHCHAIR/BUGGY/STROLLER IN RED/GREY,271.08
2025-06-28,Maclaren Triumph Stroller Buggy Pushchair,38.12
2025-06-28,Babyzen Yoyo Ginger Pink Compact Buggy Pushchair Stroller - with Rain Cover,125.48
2025-06-28,UPPAbaby Pram Stroller Buggy Pushchair snug seat infant insert Cruz Vista,17.2
2025-06-28,Joolz Geo Buggy Pushchair Stroller In Grey + Carry Cot + Insulted Covers + More,42.23
2025-06-27,Uppababy Cruz Single Seat Stroller Buggy Pushchair with Rain cover,42.27
2025-06-27,Hauck Mini Apollo Doll Buggy Stroller Disney Mickey Minnie Vintage Pushchair,63.07
2025-06-25,Babyzen Yoyo Compact Buggy Pushchair Stroller - with carrybag and raincover,182.68
2025-06-25,MACLAREN MAJOR ELITE PUSHCHAIR/BUGGY/STROLLER IN SOFT BLUE,219.08
2025-06-25,EXCEL ELISE SPECIAL NEEDS  PUSHCHAIR/BUGGY/STROLLER  (NOT A MACLAREN),276.28
2025-06-24,Cybex Eezy S Twist Compact Stroller Pushchair Buggy - With Accessories,69.96
2025-06-24,Sylvanian Families floral baby cots & buggy stroller / pushchair SPARES BUNDLE,18.53
2025-06-24,twin double stroller buggy pushchair,52.68
2025-06-24,Dimples Ella Double Twin Baby Dolls Buggy Pushchair Stroller Pram,10.78
2025-06-24,Silver Cross Reflex Buggy Stroller Pram Pushchair,52.68
2025-06-23,Baby Jogger City Mini Double Stroller pram pushchair,52.76
2025-06-23,GREY PET STROLLER FOR MEDIUM SMALL DOG CAT BUGGY PRAM PUSHCHAIR DOGGY PUPPY,10.78
2025-06-22,Universal Buggy Pushchair Stroller - Combined Cup/Bottle Holder and Phone Holder,6.5
2025-06-21,Baby Jogger City Mini Double Stroller pram pushchair,119.97
2025-06-21,Happy Mummy Hook and Stroller Pram Shopping Bags Clips Baby Pushchairs Buggy,8.08
2025-06-21,cosatto woosh double twin Pram pushchair stroller baby buggy 22kg per seat,141.08
2025-06-20,Babyzen Yoyo Compact Buggy Pushchair Stroller - with carrybag and raincover,208.68
2025-06-19,Babyzen Yoyo + Flight Fly Travel Cabin Compact Buggy Pushchair Stroller Blue,182.68
2025-06-19,Oyster 3 Pushchair Pram Stroller Buggy With Genuine Buggy Board & Bag,115.08
2025-06-19,stroller pushchair buggy used,31.88
2025-06-18,"Baby Jogger City Mini Push Chair Pram, Buggy, Stroller",104.67
2025-06-17,Maclaren Major Elite Disability Pushchair/Buggy/Stroller Special Needs,167.08
2025-06-17,Maclaren Quest Buggy Denim Blue with Rain Cover Stroller Pushchair,42.28
2025-06-17,twin double stroller buggy pushchair,52.68
2025-06-17,JEEP STROLLER BUGGY COMPACT TRAVEL PUSHCHAIR PRAM,16.13
2025-06-17,"Rockit Portable Baby Rocker.  Fits Any Stroller, Pram, Pushchair or Buggy",21.48
2025-06-17,"Kinderkraft Lightweight Stroller ALLROAD, Pushchair, Baby Buggy, 12 kg Blue",52.68
2025-06-16,Sylvanian Families Double Babies Pushchair Pram Stroller Buggy Calico Critters,7.04
2025-06-16,My Babiie Billie Faiers MB11 Twin Double Stroller / Buggy / Pram / Pushchair,63.08
2025-06-16,"Buggy Board for pushchair, stroller, pram, Child/Sibling standing /ride on board",14.0
2025-06-15,Maclaren Volo Festival Lightweight Stroller Buggy Pushchair with rain cover,34.95
2025-06-15,Joie Buggy Stroller Pushchair Folding Foldable From Birth Rain Cover Girls,24.6
2025-06-15,Bugaboo Buggy Stroller Pushchair Folding From 6 Months Unisex All Terrain,30.84
2025-06-15,1990 STEFFI LOVE BY SIMBA TOYS VINTAGE BABYS BUGGY STROLLER PUSHCHAIR & BABIES,7.55
2025-06-15,UPPAbaby Pram Stroller Buggy Pushchair snug seat infant insert Cruz Vista,16.13
2025-06-14,dog buggy stroller pushchair Medium,31.88
2025-06-13,"SUGARJACK bag hooks, Strap Clips - Pram Pushchair Buggies Stroller",13.97
2025-06-12,Babyzen Yoyo + Flight Fly Travel Cabin Compact Buggy Pushchair Stroller Blue,128.6
2025-06-12,Universal Toddler Buggy Stroller Pushchair Step Board Stand Wheeled Connector UK,10.78
2025-06-11,COLLECTION ONLY!!! Land Rover Pegasus All-Terrain Buggy Pushchair Pram Stroller,338.18
2025-06-11,Cath Kidston Maclaren Quest Push Chair Stroller Buggy,26.68
2025-06-10,Maclaren Double Twin Tandem Duo Buggy Stroller Pushchair From Birth Unisex,66.2
2025-06-09,Joie Buggy Stroller Pushchair Folding Foldable From Birth Unisex Rain Cover,24.08
2025-06-09,Joie Litetrax  3 Wheeler Stroller/Pushchair -Grey Flannel.,49.84
2025-06-08,Joie Pact Stroller/pushchair / Travel Buggy With Raincover,63.08
2025-06-08,"Silver Cross Buggy Stroller Pushchair Foldable, Black",46.22
2025-06-07,Joie Nitro stroller pushchair buggy with full instruction manual.  Used once,21.48
2025-06-07,dog buggy stroller pushchair Medium,31.88
2025-06-06,"MacLaren Major Elite Pushchair Buggy Stroller Red/Grey, Large Kids",156.68
2025-06-06,Double Pram Joie Aire Twins Stroller Baby Pushchair Buggy with Rain Cover,57.88
2025-06-06,Buggy Pushchair Baby  Stroller Maxi Cosi,26.68
2025-06-06,Maclaren Major Elite Special Needs Folding Pushchair Buggy Stroller Wheelchair,125.48
2025-06-05,Maclaren Quest Stroller Rain Cover / Pushchair / Buggy,5.42
2025-06-04,Phil & Teds Sport Pushchair / Stroller V6 - Black,75.56
